<?xml version="1.0"?>
<schedule id='Prof. Lucia'><event>
     <name>snack</name>
     <time>
          <start-day>TUESDAY</start-day>
          <start>1030</start>
          <end-day>TUESDAY</end-day>
          <end>1145</end>
     </time>
     <location>
          <online>false</online>
          <place>Churchill Hall 101</place>
     </location>
     <users>
          <uid>Prof. Lucia</uid>
     </users>
</event>
<event>
     <name>office hours</name>
     <time>
          <start-day>MONDAY</start-day>
          <start>1210</start>
          <end-day>MONDAY</end-day>
          <end>1530</end>
     </time>
     <location>
          <online>false</online>
          <place>Churchill Hall 101</place>
     </location>
     <users>
          <uid>Prof. Lucia</uid>
          <uid>Me</uid>
     </users>
</event>
<event>
     <name>sleep</name>
     <time>
          <start-day>FRIDAY</start-day>
          <start>1210</start>
          <end-day>SUNDAY</end-day>
          <end>1530</end>
     </time>
     <location>
          <online>false</online>
          <place>home</place>
     </location>
     <users>
          <uid>Prof. Lucia</uid>
     </users>
</event>
</schedule>