<?xml version="1.0"?>
<schedule id=Prof. Lucia><event>
<name>CS3500 Morning Lecture</name><time><start-day>TUESDAY</start-day>
<start>950</start
<end-day>TUESDAY</end-day>
<end>01</end
</time>
<location>
<online>false</online>
<place>Churchill Hall 101</place>
</location>
<users>
<uid>Prof. Lucia</uid>
<uid>Student Anon</uid>
<uid>Chat</uid>
</users></event>
<event>
<name>CS3500 Afternoon Lecture</name><time><start-day>TUESDAY</start-day>
<start>1335</start
<end-day>TUESDAY</end-day>
<end>1515</end
</time>
<location>
<online>false</online>
<place>Churchill Hall 101</place>
</location>
<users>
<uid>Prof. Lucia</uid>
<uid>Chat</uid>
</users></event>
<event>
<name>Sleep</name><time><start-day>FRIDAY</start-day>
<start>180</start
<end-day>SUNDAY</end-day>
<end>120</end
</time>
<location>
<online>true</online>
<place>Home</place>
</location>
<users>
<uid>Prof. Lucia</uid>
</users></event>
</schedule>